Model,R2,MAE,RMSE
xgb_gtd_model.json,0.49821803958154054,3.4046091772417455,11.544433566121873
xgb_gtd_model2.json,0.3092429746685904,3.6883029716141276,12.23259792392022
